Period,Demand
2023-01-01,104
2023-02-01,109
2023-03-01,107
2023-04-01,111
2023-05-01,106
2023-06-01,113
2023-07-01,110
2023-08-01,115
2023-09-01,109
2023-10-01,116
2023-11-01,112
2023-12-01,118
2024-01-01,113
2024-02-01,119
2024-03-01,116
2024-04-01,121
2024-05-01,115
2024-06-01,122
2024-07-01,118
2024-08-01,123
2024-09-01,117
2024-10-01,125
2024-11-01,121
2024-12-01,126
2025-01-01,120
2025-02-01,127
2025-03-01,123
2025-04-01,128
2025-05-01,122
2025-06-01,129
2025-07-01,125
2025-08-01,130
2025-09-01,124
2025-10-01,131
2025-11-01,127
2025-12-01,130
